name,src_lat,src_lon,dest_lat,dest_lon
1,42.35617,-71.06938,42.35544,-71.07242
2,42.35544,-71.07242,42.35257,-71.0675
3,42.35257,-71.0675,42.35189,-71.0707
4,42.35189,-71.0707,42.35617,-71.06938